,nodes
0,mediajson
1,alengen
2,chunked-scatter
3,sphinxcontrib-nvd3
4,pyprot
5,namedspace
6,crypto-news-api
7,youtube2zim
8,daemonctl
9,bluepandas
10,petisco
11,sm2rain
12,monitoring2
13,oao-nester
14,flake8-builtins-unleashed
15,pytrader
16,xml-default-dict
17,pddb
18,wthen
19,riak-statsd
20,pyprooff
21,superzippy
22,mozversion
23,teasysnmp
24,yafa-grpc
25,django-envsettings
26,plz
27,intracorr
28,odoo12-addon-stock-quant-manual-assign
29,djmodels
30,torrent-dl
31,comrunner
32,pipxinpipx
33,qemud
34,pyf-programmers-find
35,coach6
36,compressed-segmentation
37,pywe-component-ticket
38,autoloadm
39,azure-cli-network
40,pysendfile
41,remmina-resizer
42,coroutines
43,mergejs
44,topogram
45,dnscryptproxypitool
46,monzo-expenses
47,pykeygen
48,z3c-language-session
49,labellibpy
50,tsmppt60-driver
51,pypastry
52,iamq
53,django-pages-cms-extensions
54,fassembler
55,django-keyedcache3
56,tkmvc
57,pyload-utils
58,tfx
59,odoo11-addon-account-payment-return
60,waelstow
61,django-moj-template
62,pyrecswitch
63,objopt
64,bleach-repo
65,jinja-gen
66,django-toggle-m2m
67,aqseq
68,x11util
69,mondialrelay
70,vtclear
71,pydirectory
72,session2
73,fabotemperature-adt7410
74,eve-statsd
75,helm-charts
76,mir-termdbg
77,giaola-xml-utils
78,itunesfs
79,lbl-repack
80,odoo12-addon-l10n-cl-etd-stock
81,localsnap
82,magiccnki
83,collective-recipe-pip
84,qed-seal
85,yapconf
86,datawire-quarkdev-threaded
87,fuxi-lib
88,django-cryptographic-fields
89,cloudtoken-plugin-centrify
90,pytuner
91,ip2location-python
92,fanyi
93,localstorage
94,xy-tel
95,django-custom-mixins
96,pycleaner
